-- Generated from public/assets/BDSM_questionnaire.xlsx
begin;
delete from questionnaire_choices;
delete from questionnaire_questions;

insert into questionnaire_questions (id, question_order, question_kind, question_en, question_th, active) values ('q01', 1, 'scored', 'Your main interest in experiencing BDSM', 'ความสนใจหลักของคุณในการสัมผัสประสบการณ์ BDSM', true);
insert into questionnaire_choices (id, question_id, choice_order, label, choice_en, choice_th, score_b, score_d, score_s, score_m, special_action, special_url, feedback_en, feedback_th, active) values ('q01_a', 'q01', 1, 'A', 'Physical', 'เชิงกายภาพ', 3, -1, 2, 3, null, null, null, null, true);
insert into questionnaire_choices (id, question_id, choice_order, label, choice_en, choice_th, score_b, score_d, score_s, score_m, special_action, special_url, feedback_en, feedback_th, active) values ('q01_b', 'q01', 2, 'B', 'Physiological', 'เชิงจิตวิทยา', -2, 2, -1, 1, null, null, null, null, true);
insert into questionnaire_choices (id, question_id, choice_order, label, choice_en, choice_th, score_b, score_d, score_s, score_m, special_action, special_url, feedback_en, feedback_th, active) values ('q01_c', 'q01', 3, 'C', 'All in the same way', 'สนใจทั้งสองด้านพอ ๆ กัน', -1, 1, 1, 2, null, null, null, null, true);

insert into questionnaire_questions (id, question_order, question_kind, question_en, question_th, active) values ('q02', 2, 'scored', 'How do you feel about being tied up or restrained?', 'คุณรู้สึกอย่างไรเกี่ยวกับการถูกมัดหรือถูกจำกัดการเคลื่อนไหว?', true);
insert into questionnaire_choices (id, question_id, choice_order, label, choice_en, choice_th, score_b, score_d, score_s, score_m, special_action, special_url, feedback_en, feedback_th, active) values ('q02_a', 'q02', 1, 'A', 'Crave to be tightly bound, helpless, and completely at his mercy', 'ปรารถนาที่จะถูกมัดแน่น ไร้ซึ่งทางช่วยเหลือ และอยู่ภายใต้ความเมตตาของอีกฝ่ายอย่างสมบูรณ์', 3, 1, 1, -1, null, null, null, null, true);
insert into questionnaire_choices (id, question_id, choice_order, label, choice_en, choice_th, score_b, score_d, score_s, score_m, special_action, special_url, feedback_en, feedback_th, active) values ('q02_b', 'q02', 2, 'B', 'Tying, creating intricate rope work, and having them under my control is the best', 'การมัดผู้อื่น สร้างงานเชือกที่ซับซ้อน และควบคุมผู้อื่นให้อยู่ในอำนาจของฉันคือสิ่งที่ดีที่สุด', 2, -1, -1, 3, null, null, null, null, true);
insert into questionnaire_choices (id, question_id, choice_order, label, choice_en, choice_th, score_b, score_d, score_s, score_m, special_action, special_url, feedback_en, feedback_th, active) values ('q02_c', 'q02', 3, 'C', 'Being restrained can be exciting sometimes, but I prefer having the freedom to react, whether I''m the one being controlled or the one in control', 'การถูกจำกัดการเคลื่อนไหวบางครั้งก็น่าตื่นเต้น แต่ฉันชอบการมีอิสระในการตอบสนองมากกว่า ไม่ว่าจะเป็นการถูกควบคุมหรือเป็นฝ่ายควบคุมก็ตาม', -1, 2, 2, 2, null, null, null, null, true);

insert into questionnaire_questions (id, question_order, question_kind, question_en, question_th, active) values ('q03', 3, 'scored', 'What kind of power dynamic do you prefer?', 'คุณชื่นชอบบทบาทอำนาจแบบใดในความสัมพันธ์?', true);
insert into questionnaire_choices (id, question_id, choice_order, label, choice_en, choice_th, score_b, score_d, score_s, score_m, special_action, special_url, feedback_en, feedback_th, active) values ('q03_a', 'q03', 1, 'A', 'Fully surrender, serve, and be owned like a devoted slave, pet', 'การยอมจำนนอย่างสมบูรณ์ รับใช้ และถูกครอบครองเหมือนทาส สัตว์เลี้ยง', 1, 3, 1, -3, null, null, null, null, true);
insert into questionnaire_choices (id, question_id, choice_order, label, choice_en, choice_th, score_b, score_d, score_s, score_m, special_action, special_url, feedback_en, feedback_th, active) values ('q03_b', 'q03', 2, 'B', 'Own, command, and take full responsibility as a Master is great', 'การเป็นเจ้าของสั่งการและรับผิดชอบเต็มที่ในฐานะเจ้านาย คือสิ่งที่ยอดเยี่ยม', -2, -2, -2, 3, null, null, null, null, true);
insert into questionnaire_choices (id, question_id, choice_order, label, choice_en, choice_th, score_b, score_d, score_s, score_m, special_action, special_url, feedback_en, feedback_th, active) values ('q03_c', 'q03', 3, 'C', 'Power dynamic is not important for me as long as the experience is exciting.', 'บทบาทอำนาจไม่สำคัญสำหรับฉันตราบใดที่ประสบการณ์ที่ได้รับนั้นน่าตื่นเต้น', 2, -3, 2, -2, null, null, null, null, true);

insert into questionnaire_questions (id, question_order, question_kind, question_en, question_th, active) values ('q04', 4, 'scored', 'How do you feel about pain or intense physical sensations?', 'คุณรู้สึกอย่างไรเกี่ยวกับความเจ็บปวดหรือความรู้สึกทางกายภาพที่รุนแรง?', true);
insert into questionnaire_choices (id, question_id, choice_order, label, choice_en, choice_th, score_b, score_d, score_s, score_m, special_action, special_url, feedback_en, feedback_th, active) values ('q04_a', 'q04', 1, 'A', 'I enjoy pain, emotional intensity that pushes me to my limits, and even the lingering marks left behind by those experiences.', 'ฉันชื่นชอบความเจ็บปวด การถูกบีบคั้นทางอารมณ์ให้ถึงขีดจำกัด รวมถึงร่องรอยของความเจ็บปวดเหล่านั้นบนเรือนร่างของฉันด้วย', 1, 1, 3, -3, null, null, null, null, true);
insert into questionnaire_choices (id, question_id, choice_order, label, choice_en, choice_th, score_b, score_d, score_s, score_m, special_action, special_url, feedback_en, feedback_th, active) values ('q04_b', 'q04', 2, 'B', 'I enjoy being the one who inflicts pain and observing the other person''s reactions.', 'ฉันชอบเป็นฝ่ายสร้างความเจ็บปวดและดูปฏิกริยาของอีกฝ่าย', -1, -2, -2, 3, null, null, null, null, true);
insert into questionnaire_choices (id, question_id, choice_order, label, choice_en, choice_th, score_b, score_d, score_s, score_m, special_action, special_url, feedback_en, feedback_th, active) values ('q04_c', 'q04', 3, 'C', 'I prefer other forms of excitement over either giving or receiving pain.', 'ฉันชอบความตื่นเต้นในรูปแบบอื่นมากกว่าการสร้างหรือรับความเจ็บปวด', 2, 2, -3, -2, null, null, null, null, true);

insert into questionnaire_questions (id, question_order, question_kind, question_en, question_th, active) values ('q05', 5, 'scored', 'Your preferred role in BDSM', 'บทบาทที่คุณชื่นชอบใน BDSM', true);
insert into questionnaire_choices (id, question_id, choice_order, label, choice_en, choice_th, score_b, score_d, score_s, score_m, special_action, special_url, feedback_en, feedback_th, active) values ('q05_a', 'q05', 1, 'A', 'Dominant', 'Dominant', 1, 1, -2, 3, null, null, null, null, true);
insert into questionnaire_choices (id, question_id, choice_order, label, choice_en, choice_th, score_b, score_d, score_s, score_m, special_action, special_url, feedback_en, feedback_th, active) values ('q05_b', 'q05', 2, 'B', 'Submissive', 'Submissive', 1, 2, 3, -3, null, null, null, null, true);
insert into questionnaire_choices (id, question_id, choice_order, label, choice_en, choice_th, score_b, score_d, score_s, score_m, special_action, special_url, feedback_en, feedback_th, active) values ('q05_c', 'q05', 3, 'C', 'Still uncertain', 'ยังไม่แน่ใจ', 2, 1, 2, 1, null, null, null, null, true);

insert into questionnaire_questions (id, question_order, question_kind, question_en, question_th, active) values ('q06', 6, 'scored', 'How advanced you are with BDSM?', 'คุณเปิดกว้างแค่ไหนในการลองประสบการณ์ใหม่ ๆ เกี่ยวกับ BDSM', true);
insert into questionnaire_choices (id, question_id, choice_order, label, choice_en, choice_th, score_b, score_d, score_s, score_m, special_action, special_url, feedback_en, feedback_th, active) values ('q06_a', 'q06', 1, 'A', 'Beginner', 'ฉันชอบลองอะไรใหม่ ๆ เสมออย่างน้อยสักครั้ง', 1, 2, 2, 1, null, null, null, null, true);
insert into questionnaire_choices (id, question_id, choice_order, label, choice_en, choice_th, score_b, score_d, score_s, score_m, special_action, special_url, feedback_en, feedback_th, active) values ('q06_b', 'q06', 2, 'B', 'Intermediate', 'ฉันมักจะลองประสบการณ์ที่เกี่ยวกับการยอมจำนน, ถูกมัด, หรือความเจ็บปวด', 3, 3, 3, -3, null, null, null, null, true);
insert into questionnaire_choices (id, question_id, choice_order, label, choice_en, choice_th, score_b, score_d, score_s, score_m, special_action, special_url, feedback_en, feedback_th, active) values ('q06_c', 'q06', 3, 'C', 'Advance', 'ฉันมักจะลองประสบการณ์ที่เกี่ยวกับการควบคุม มีอำนาจ หรือความโหดร้าย', -3, -3, -3, 3, null, null, null, null, true);

insert into questionnaire_questions (id, question_order, question_kind, question_en, question_th, active) values ('q07', 7, 'scored', 'Your opinion on consent', 'ทัศนคติของคุณเกี่ยวกับความสมยอม(consent)', true);
insert into questionnaire_choices (id, question_id, choice_order, label, choice_en, choice_th, score_b, score_d, score_s, score_m, special_action, special_url, feedback_en, feedback_th, active) values ('q07_a', 'q07', 1, 'A', 'Consent is absolute, non-negotiable.', 'เป็นสิ่งที่ต้องมีอย่างเด็ดขาด ยืดหยุ่นไม่ได้', 3, 1, 3, 1, null, null, null, null, true);
insert into questionnaire_choices (id, question_id, choice_order, label, choice_en, choice_th, score_b, score_d, score_s, score_m, special_action, special_url, feedback_en, feedback_th, active) values ('q07_b', 'q07', 2, 'B', 'Pushing boundary and consent is what make thing spicy.', 'เป็นสิ่งที่ยืดหยุ่นได้ การต่อรองหรือผลักเส้นความสมยอมนิดๆ หน่อย ๆ เป็นเรื่องน่าสนุก', -3, -3, -3, -3, null, null, null, null, true);
insert into questionnaire_choices (id, question_id, choice_order, label, choice_en, choice_th, score_b, score_d, score_s, score_m, special_action, special_url, feedback_en, feedback_th, active) values ('q07_c', 'q07', 3, 'C', 'There’s nothing money and power cannot buy, including consent.', 'ความสมยอม? ไม่มีอะไรที่เงินและอำนาจซื้อไม่ได้หรอก', 0, 0, 0, 0, 'too_young', null, 'Is that truly what you believe? Then I am afraid our club may not be the place for you, sweetheart.', 'นั่นคือสิ่งที่คุณเชื่อจริง ๆ หรือ? ถ้าอย่างนั้นฉันเกรงว่าคลับของเราอาจไม่ใช่สถานที่สำหรับคุณนะที่รัก', true);

insert into questionnaire_questions (id, question_order, question_kind, question_en, question_th, active) values ('q08', 8, 'scored', 'Do you enjoy initiating conversations with strangers?', 'คุณชอบเป็นคนเริ่มบทสนทนากับคนแปลกหน้า', true);
insert into questionnaire_choices (id, question_id, choice_order, label, choice_en, choice_th, score_b, score_d, score_s, score_m, special_action, special_url, feedback_en, feedback_th, active) values ('q08_a', 'q08', 1, 'A', 'yes, I like to initiate conversations with strangers.', 'ใช่ ฉันชอบเริ่มบทสนทนาก่อน', 3, -1, 2, 1, null, null, null, null, true);
insert into questionnaire_choices (id, question_id, choice_order, label, choice_en, choice_th, score_b, score_d, score_s, score_m, special_action, special_url, feedback_en, feedback_th, active) values ('q08_b', 'q08', 2, 'B', 'It depends on the situation.', 'แล้วแต่สถานการณ์', 3, 1, 2, 1, null, null, null, null, true);
insert into questionnaire_choices (id, question_id, choice_order, label, choice_en, choice_th, score_b, score_d, score_s, score_m, special_action, special_url, feedback_en, feedback_th, active) values ('q08_c', 'q08', 3, 'C', 'I don''t know how to start conversations', 'ฉันไม่รู้จะเริ่มบทสนทนาก่อนอย่างไร', 2, 1, 3, -1, null, null, null, null, true);

insert into questionnaire_questions (id, question_order, question_kind, question_en, question_th, active) values ('q09', 9, 'scored', 'If you encounter an activity you don''t want to do, you should...', 'หากคุณเจอกับกิจกรรมที่ไม่ต้องการ คุณควรจะ', true);
insert into questionnaire_choices (id, question_id, choice_order, label, choice_en, choice_th, score_b, score_d, score_s, score_m, special_action, special_url, feedback_en, feedback_th, active) values ('q09_a', 'q09', 1, 'A', 'Be patient for the host''s pleasure.', 'อดทนเพื่อความพึงพอใจของโฮสต์', 0, 0, 0, 0, 'too_young', null, 'Though it is rather adorable, that is not what you should do. Pleasure belongs to both of us. Try reviewing the rules again, sweetheart.', 'แม้ว่าจะน่าเอ็นดู แต่นั่นไม่ใช่สิ่งที่คุณควรทำ ความพึงพอใจเป็นของพวกเราทั้งสองฝ่าย ลองกลับไปทบทวนกฏใหม่ก่อนนะที่รัก', true);
insert into questionnaire_choices (id, question_id, choice_order, label, choice_en, choice_th, score_b, score_d, score_s, score_m, special_action, special_url, feedback_en, feedback_th, active) values ('q09_b', 'q09', 2, 'B', 'How Dare You!', 'กล้าดียังไง!', 0, 0, 0, 0, 'too_young', null, 'Sweetheart, that is exactly why we use safe words and safe gestures. Take a moment to calm yourself, then read the rules again.', 'ที่รัก เรามีการใช้ safe word และ safe gesture เพื่อการนี้ ลองสงบสติอารมณ์แล้วกลับไปอ่านกฏดูอีกครั้ง', true);
insert into questionnaire_choices (id, question_id, choice_order, label, choice_en, choice_th, score_b, score_d, score_s, score_m, special_action, special_url, feedback_en, feedback_th, active) values ('q09_c', 'q09', 3, 'C', 'Use a safe word or safe gesture to stop all activity.', 'ใช้ safe word หรือ safe gesture เพื่อหยุดทุกกิจกรรม', 0, 0, 0, 0, null, null, null, null, true);

insert into questionnaire_questions (id, question_order, question_kind, question_en, question_th, active) values ('q10', 10, 'scored', 'What is most important for a club member''s promotion?', 'สิ่งใดสำคัญที่สุดในการเลื่อนขั้นของสมาชิกคลับ', true);
insert into questionnaire_choices (id, question_id, choice_order, label, choice_en, choice_th, score_b, score_d, score_s, score_m, special_action, special_url, feedback_en, feedback_th, active) values ('q10_a', 'q10', 1, 'A', 'Money', 'เงิน', 0, 0, 0, 0, 'too_young', null, 'Money is something you need to enter the club, but it is not the most important thing when it comes to ranking up. Think carefully, sweetheart. Did you forget something in our rules?', 'เงินเป็นสิ่งที่คุณจำเป็นต้องมีในการเข้าคลับ แต่นั่นไม่ใช่สิ่งที่สำคัญที่สุดในการเลื่อนขั้น นึกดูดี ๆ ที่รัก คุณลืมอะไรไปในกฏกติกาของเราหรือเปล่า', true);
insert into questionnaire_choices (id, question_id, choice_order, label, choice_en, choice_th, score_b, score_d, score_s, score_m, special_action, special_url, feedback_en, feedback_th, active) values ('q10_b', 'q10', 2, 'B', 'Power', 'อำนาจ', 0, 0, 0, 0, 'too_young', null, 'Power is not something you can use to rank up here. If you still do not understand that, try reviewing the rules again, sweetheart.', 'อำนาจไม่ใช่สิ่งที่คุณจะใช้สำหรับการเลื่อนขั้นที่นี่ได้ ถ้าคุณยังไม่เข้าใจตรงนี้ ลองกลับไปทบทวนกฏดูอีกครั้งนะที่รัก', true);
insert into questionnaire_choices (id, question_id, choice_order, label, choice_en, choice_th, score_b, score_d, score_s, score_m, special_action, special_url, feedback_en, feedback_th, active) values ('q10_c', 'q10', 3, 'C', 'Credibility / Trust', 'ความน่าเชื่อถือ', 0, 0, 0, 0, null, null, null, null, true);

insert into questionnaire_questions (id, question_order, question_kind, question_en, question_th, active) values ('q11', 11, 'special', 'Do you like P'' Bird Thongchai?', 'คุณชอบพี่เบิร์ดหรือไม่', true);
insert into questionnaire_choices (id, question_id, choice_order, label, choice_en, choice_th, score_b, score_d, score_s, score_m, special_action, special_url, feedback_en, feedback_th, active) values ('q11_a', 'q11', 1, 'A', 'YES, I LIKE HIM', 'ชอบสิ! พี่เบิร์ดเลยนะ', 0, 0, 0, 0, 'redirect', 'https://youtu.be/RW8BJBCsYP0', null, null, true);
insert into questionnaire_choices (id, question_id, choice_order, label, choice_en, choice_th, score_b, score_d, score_s, score_m, special_action, special_url, feedback_en, feedback_th, active) values ('q11_b', 'q11', 2, 'B', 'NO, I DONT LIKE', 'ไม่ชอบอะ แก่จัง', 0, 0, 0, 0, 'redirect', 'https://youtu.be/XR4BP3SfPPs?si=rKiYWLygPT3tq1gL', null, null, true);
insert into questionnaire_choices (id, question_id, choice_order, label, choice_en, choice_th, score_b, score_d, score_s, score_m, special_action, special_url, feedback_en, feedback_th, active) values ('q11_c', 'q11', 3, 'C', 'WHAT? WHO?', 'ใครอะ?', 0, 0, 0, 0, 'too_young', null, 'Sweetheart… aren’t you a little too young to be here?', 'ที่รัก คุณเด็กเกินไปที่จะมาที่นี่รึเปล่านะ?', true);
insert into questionnaire_choices (id, question_id, choice_order, label, choice_en, choice_th, score_b, score_d, score_s, score_m, special_action, special_url, feedback_en, feedback_th, active) values ('q11_d', 'q11', 4, 'D', 'So, is it a joke or is it sexy?', 'สรุปพี่จะกาวหรือจะเสียว', 0, 0, 0, 0, 'continue', null, 'Let''s go back to asking regular questions.', 'กลับไปทำคำถามปกติต่อ', true);

insert into invitation_codes (room_key, code, active) values ('b', 'B-TRC-7VQ2-KN9A', true) on conflict (code) do update set active = excluded.active;
insert into invitation_codes (room_key, code, active) values ('b', 'B-TRC-M4X8-RD2L', true) on conflict (code) do update set active = excluded.active;
insert into invitation_codes (room_key, code, active) values ('b', 'B-TRC-Q9N3-VY6C', true) on conflict (code) do update set active = excluded.active;
insert into invitation_codes (room_key, code, active) values ('b', 'B-TRC-2KLA-8FQ7', true) on conflict (code) do update set active = excluded.active;
insert into invitation_codes (room_key, code, active) values ('b', 'B-TRC-X5D9-MR3B', true) on conflict (code) do update set active = excluded.active;
insert into invitation_codes (room_key, code, active) values ('b', 'B-TRC-8PQA-L4X2', true) on conflict (code) do update set active = excluded.active;
insert into invitation_codes (room_key, code, active) values ('b', 'B-TRC-N6V3-CY9D', true) on conflict (code) do update set active = excluded.active;
insert into invitation_codes (room_key, code, active) values ('b', 'B-TRC-3RKM-Q7LA', true) on conflict (code) do update set active = excluded.active;
insert into invitation_codes (room_key, code, active) values ('b', 'B-TRC-L9X2-VF5C', true) on conflict (code) do update set active = excluded.active;
insert into invitation_codes (room_key, code, active) values ('b', 'B-TRC-C4NA-8QKD', true) on conflict (code) do update set active = excluded.active;
insert into invitation_codes (room_key, code, active) values ('b', 'B-TRC-Y7M5-RX2P', true) on conflict (code) do update set active = excluded.active;
insert into invitation_codes (room_key, code, active) values ('b', 'B-TRC-F2Q9-LC6V', true) on conflict (code) do update set active = excluded.active;
insert into invitation_codes (room_key, code, active) values ('b', 'B-TRC-K8DA-M3YN', true) on conflict (code) do update set active = excluded.active;
insert into invitation_codes (room_key, code, active) values ('b', 'B-TRC-V5X7-QP2L', true) on conflict (code) do update set active = excluded.active;
insert into invitation_codes (room_key, code, active) values ('b', 'B-TRC-A9C4-RM6K', true) on conflict (code) do update set active = excluded.active;
insert into invitation_codes (room_key, code, active) values ('b', 'B-TRC-Q3VL-8N2D', true) on conflict (code) do update set active = excluded.active;
insert into invitation_codes (room_key, code, active) values ('b', 'B-TRC-6KXR-Y5PA', true) on conflict (code) do update set active = excluded.active;
insert into invitation_codes (room_key, code, active) values ('b', 'B-TRC-M2CN-7Q4F', true) on conflict (code) do update set active = excluded.active;
insert into invitation_codes (room_key, code, active) values ('b', 'B-TRC-R8LD-X9V3', true) on conflict (code) do update set active = excluded.active;
insert into invitation_codes (room_key, code, active) values ('b', 'B-TRC-5YQA-K2MC', true) on conflict (code) do update set active = excluded.active;
insert into invitation_codes (room_key, code, active) values ('b', 'B-TRC-X4N7-FV8L', true) on conflict (code) do update set active = excluded.active;
insert into invitation_codes (room_key, code, active) values ('b', 'B-TRC-C9PQ-3RDA', true) on conflict (code) do update set active = excluded.active;
insert into invitation_codes (room_key, code, active) values ('b', 'B-TRC-L6V2-MX5K', true) on conflict (code) do update set active = excluded.active;
insert into invitation_codes (room_key, code, active) values ('b', 'B-TRC-2DYA-Q8NC', true) on conflict (code) do update set active = excluded.active;
insert into invitation_codes (room_key, code, active) values ('b', 'B-TRC-K5RM-7X4V', true) on conflict (code) do update set active = excluded.active;
insert into invitation_codes (room_key, code, active) values ('b', 'B-TRC-V9LC-3QPA', true) on conflict (code) do update set active = excluded.active;
insert into invitation_codes (room_key, code, active) values ('b', 'B-TRC-A2XF-M6YD', true) on conflict (code) do update set active = excluded.active;
insert into invitation_codes (room_key, code, active) values ('b', 'B-TRC-Q7KN-8C3L', true) on conflict (code) do update set active = excluded.active;
insert into invitation_codes (room_key, code, active) values ('b', 'B-TRC-R4VM-5PXA', true) on conflict (code) do update set active = excluded.active;
insert into invitation_codes (room_key, code, active) values ('b', 'B-TRC-6YDL-Q9KC', true) on conflict (code) do update set active = excluded.active;
insert into invitation_codes (room_key, code, active) values ('d', 'D-TRC-A8K2-VQ5M', true) on conflict (code) do update set active = excluded.active;
insert into invitation_codes (room_key, code, active) values ('d', 'D-TRC-R6N9-XC3L', true) on conflict (code) do update set active = excluded.active;
insert into invitation_codes (room_key, code, active) values ('d', 'D-TRC-4VYD-K7QA', true) on conflict (code) do update set active = excluded.active;
insert into invitation_codes (room_key, code, active) values ('d', 'D-TRC-M2F8-PL9X', true) on conflict (code) do update set active = excluded.active;
insert into invitation_codes (room_key, code, active) values ('d', 'D-TRC-Q5C3-NR6D', true) on conflict (code) do update set active = excluded.active;
insert into invitation_codes (room_key, code, active) values ('d', 'D-TRC-9LVA-K2XM', true) on conflict (code) do update set active = excluded.active;
insert into invitation_codes (room_key, code, active) values ('d', 'D-TRC-C7Q4-RY8N', true) on conflict (code) do update set active = excluded.active;
insert into invitation_codes (room_key, code, active) values ('d', 'D-TRC-X3MD-6PQA', true) on conflict (code) do update set active = excluded.active;
insert into invitation_codes (room_key, code, active) values ('d', 'D-TRC-5KRN-V9LC', true) on conflict (code) do update set active = excluded.active;
insert into invitation_codes (room_key, code, active) values ('d', 'D-TRC-L8C2-QX7D', true) on conflict (code) do update set active = excluded.active;
insert into invitation_codes (room_key, code, active) values ('d', 'D-TRC-Y4VA-M6PK', true) on conflict (code) do update set active = excluded.active;
insert into invitation_codes (room_key, code, active) values ('d', 'D-TRC-2QND-R8XL', true) on conflict (code) do update set active = excluded.active;
insert into invitation_codes (room_key, code, active) values ('d', 'D-TRC-F9KC-3VYM', true) on conflict (code) do update set active = excluded.active;
insert into invitation_codes (room_key, code, active) values ('d', 'D-TRC-M5XA-L7QR', true) on conflict (code) do update set active = excluded.active;
insert into invitation_codes (room_key, code, active) values ('d', 'D-TRC-8DCP-N2VK', true) on conflict (code) do update set active = excluded.active;
insert into invitation_codes (room_key, code, active) values ('d', 'D-TRC-Q6YL-4RMA', true) on conflict (code) do update set active = excluded.active;
insert into invitation_codes (room_key, code, active) values ('d', 'D-TRC-K3VN-X9CD', true) on conflict (code) do update set active = excluded.active;
insert into invitation_codes (room_key, code, active) values ('d', 'D-TRC-7LQP-5MYA', true) on conflict (code) do update set active = excluded.active;
insert into invitation_codes (room_key, code, active) values ('d', 'D-TRC-C2XR-8VNK', true) on conflict (code) do update set active = excluded.active;
insert into invitation_codes (room_key, code, active) values ('d', 'D-TRC-A6MD-Q4PL', true) on conflict (code) do update set active = excluded.active;
insert into invitation_codes (room_key, code, active) values ('d', 'D-TRC-R9YC-3KXV', true) on conflict (code) do update set active = excluded.active;
insert into invitation_codes (room_key, code, active) values ('d', 'D-TRC-V5QA-L8DN', true) on conflict (code) do update set active = excluded.active;
insert into invitation_codes (room_key, code, active) values ('d', 'D-TRC-4XKM-C7PR', true) on conflict (code) do update set active = excluded.active;
insert into invitation_codes (room_key, code, active) values ('d', 'D-TRC-N2VL-9YQA', true) on conflict (code) do update set active = excluded.active;
insert into invitation_codes (room_key, code, active) values ('d', 'D-TRC-L6RD-5XMC', true) on conflict (code) do update set active = excluded.active;
insert into invitation_codes (room_key, code, active) values ('d', 'D-TRC-Q8PA-K3VN', true) on conflict (code) do update set active = excluded.active;
insert into invitation_codes (room_key, code, active) values ('d', 'D-TRC-3CXL-M9YD', true) on conflict (code) do update set active = excluded.active;
insert into invitation_codes (room_key, code, active) values ('d', 'D-TRC-Y7KQ-2RVA', true) on conflict (code) do update set active = excluded.active;
insert into invitation_codes (room_key, code, active) values ('d', 'D-TRC-M4VN-8LCP', true) on conflict (code) do update set active = excluded.active;
insert into invitation_codes (room_key, code, active) values ('d', 'D-TRC-X6DA-Q5KR', true) on conflict (code) do update set active = excluded.active;
insert into invitation_codes (room_key, code, active) values ('s', 'S-TRC-K9V4-RA2X', true) on conflict (code) do update set active = excluded.active;
insert into invitation_codes (room_key, code, active) values ('s', 'S-TRC-7MQL-D5CN', true) on conflict (code) do update set active = excluded.active;
insert into invitation_codes (room_key, code, active) values ('s', 'S-TRC-X3F8-PV6K', true) on conflict (code) do update set active = excluded.active;
insert into invitation_codes (room_key, code, active) values ('s', 'S-TRC-N2CA-9YRD', true) on conflict (code) do update set active = excluded.active;
insert into invitation_codes (room_key, code, active) values ('s', 'S-TRC-5LQ7-MX4S', true) on conflict (code) do update set active = excluded.active;
insert into invitation_codes (room_key, code, active) values ('s', 'S-TRC-R8KD-2VQA', true) on conflict (code) do update set active = excluded.active;
insert into invitation_codes (room_key, code, active) values ('s', 'S-TRC-C4XN-7LPM', true) on conflict (code) do update set active = excluded.active;
insert into invitation_codes (room_key, code, active) values ('s', 'S-TRC-Y9VA-K3QD', true) on conflict (code) do update set active = excluded.active;
insert into invitation_codes (room_key, code, active) values ('s', 'S-TRC-6MRL-X8CN', true) on conflict (code) do update set active = excluded.active;
insert into invitation_codes (room_key, code, active) values ('s', 'S-TRC-Q2PY-5VKA', true) on conflict (code) do update set active = excluded.active;
insert into invitation_codes (room_key, code, active) values ('s', 'S-TRC-L7DC-R9XM', true) on conflict (code) do update set active = excluded.active;
insert into invitation_codes (room_key, code, active) values ('s', 'S-TRC-3KVA-Q6YN', true) on conflict (code) do update set active = excluded.active;
insert into invitation_codes (room_key, code, active) values ('s', 'S-TRC-V8PL-2RCD', true) on conflict (code) do update set active = excluded.active;
insert into invitation_codes (room_key, code, active) values ('s', 'S-TRC-M5XQ-7KLA', true) on conflict (code) do update set active = excluded.active;
insert into invitation_codes (room_key, code, active) values ('s', 'S-TRC-A9CN-4VYD', true) on conflict (code) do update set active = excluded.active;
insert into invitation_codes (room_key, code, active) values ('s', 'S-TRC-X2MR-Q8LP', true) on conflict (code) do update set active = excluded.active;
insert into invitation_codes (room_key, code, active) values ('s', 'S-TRC-6YKD-C3VA', true) on conflict (code) do update set active = excluded.active;
insert into invitation_codes (room_key, code, active) values ('s', 'S-TRC-R5QL-9XMN', true) on conflict (code) do update set active = excluded.active;
insert into invitation_codes (room_key, code, active) values ('s', 'S-TRC-K7PC-2DYA', true) on conflict (code) do update set active = excluded.active;
insert into invitation_codes (room_key, code, active) values ('s', 'S-TRC-N4VX-M8QR', true) on conflict (code) do update set active = excluded.active;
insert into invitation_codes (room_key, code, active) values ('s', 'S-TRC-Q9LA-5KCD', true) on conflict (code) do update set active = excluded.active;
insert into invitation_codes (room_key, code, active) values ('s', 'S-TRC-3VYM-R7XP', true) on conflict (code) do update set active = excluded.active;
insert into invitation_codes (room_key, code, active) values ('s', 'S-TRC-L2CN-8QDA', true) on conflict (code) do update set active = excluded.active;
insert into invitation_codes (room_key, code, active) values ('s', 'S-TRC-Y6RK-4MVP', true) on conflict (code) do update set active = excluded.active;
insert into invitation_codes (room_key, code, active) values ('s', 'S-TRC-C8XA-N5QL', true) on conflict (code) do update set active = excluded.active;
insert into invitation_codes (room_key, code, active) values ('s', 'S-TRC-7DPM-K9VR', true) on conflict (code) do update set active = excluded.active;
insert into invitation_codes (room_key, code, active) values ('s', 'S-TRC-M3QC-X6LA', true) on conflict (code) do update set active = excluded.active;
insert into invitation_codes (room_key, code, active) values ('s', 'S-TRC-A5VN-2RYK', true) on conflict (code) do update set active = excluded.active;
insert into invitation_codes (room_key, code, active) values ('s', 'S-TRC-Q4XL-8CDP', true) on conflict (code) do update set active = excluded.active;
insert into invitation_codes (room_key, code, active) values ('s', 'S-TRC-R6YA-M9KV', true) on conflict (code) do update set active = excluded.active;
insert into invitation_codes (room_key, code, active) values ('m', 'M-TRC-V8N3-QK5L', true) on conflict (code) do update set active = excluded.active;
insert into invitation_codes (room_key, code, active) values ('m', 'M-TRC-2XRA-F9CD', true) on conflict (code) do update set active = excluded.active;
insert into invitation_codes (room_key, code, active) values ('m', 'M-TRC-Q6M4-LV7N', true) on conflict (code) do update set active = excluded.active;
insert into invitation_codes (room_key, code, active) values ('m', 'M-TRC-K5D9-YP2A', true) on conflict (code) do update set active = excluded.active;
insert into invitation_codes (room_key, code, active) values ('m', 'M-TRC-7CXL-R3VQ', true) on conflict (code) do update set active = excluded.active;
insert into invitation_codes (room_key, code, active) values ('m', 'M-TRC-A9KY-4MVD', true) on conflict (code) do update set active = excluded.active;
insert into invitation_codes (room_key, code, active) values ('m', 'M-TRC-L2QN-X8CP', true) on conflict (code) do update set active = excluded.active;
insert into invitation_codes (room_key, code, active) values ('m', 'M-TRC-R6VA-5DYM', true) on conflict (code) do update set active = excluded.active;
insert into invitation_codes (room_key, code, active) values ('m', 'M-TRC-C3XP-9KQL', true) on conflict (code) do update set active = excluded.active;
insert into invitation_codes (room_key, code, active) values ('m', 'M-TRC-Y7ND-R2MA', true) on conflict (code) do update set active = excluded.active;
insert into invitation_codes (room_key, code, active) values ('m', 'M-TRC-5VKC-L8QX', true) on conflict (code) do update set active = excluded.active;
insert into invitation_codes (room_key, code, active) values ('m', 'M-TRC-Q9PR-3YDA', true) on conflict (code) do update set active = excluded.active;
insert into invitation_codes (room_key, code, active) values ('m', 'M-TRC-M4XL-6CVN', true) on conflict (code) do update set active = excluded.active;
insert into invitation_codes (room_key, code, active) values ('m', 'M-TRC-8KQA-R5DP', true) on conflict (code) do update set active = excluded.active;
insert into invitation_codes (room_key, code, active) values ('m', 'M-TRC-X2VN-7LYC', true) on conflict (code) do update set active = excluded.active;
insert into invitation_codes (room_key, code, active) values ('m', 'M-TRC-D6CM-Q9RA', true) on conflict (code) do update set active = excluded.active;
insert into invitation_codes (room_key, code, active) values ('m', 'M-TRC-L5YP-3KXV', true) on conflict (code) do update set active = excluded.active;
insert into invitation_codes (room_key, code, active) values ('m', 'M-TRC-R8ND-M2QA', true) on conflict (code) do update set active = excluded.active;
insert into invitation_codes (room_key, code, active) values ('m', 'M-TRC-4CXL-V7KP', true) on conflict (code) do update set active = excluded.active;
insert into invitation_codes (room_key, code, active) values ('m', 'M-TRC-Y9VA-Q6MD', true) on conflict (code) do update set active = excluded.active;
insert into invitation_codes (room_key, code, active) values ('m', 'M-TRC-K3PR-8LCN', true) on conflict (code) do update set active = excluded.active;
insert into invitation_codes (room_key, code, active) values ('m', 'M-TRC-2VQM-X5DA', true) on conflict (code) do update set active = excluded.active;
insert into invitation_codes (room_key, code, active) values ('m', 'M-TRC-Q7KL-R9YC', true) on conflict (code) do update set active = excluded.active;
insert into invitation_codes (room_key, code, active) values ('m', 'M-TRC-C6DN-4MVP', true) on conflict (code) do update set active = excluded.active;
insert into invitation_codes (room_key, code, active) values ('m', 'M-TRC-A8XR-L2QK', true) on conflict (code) do update set active = excluded.active;
insert into invitation_codes (room_key, code, active) values ('m', 'M-TRC-5YPC-N7VA', true) on conflict (code) do update set active = excluded.active;
insert into invitation_codes (room_key, code, active) values ('m', 'M-TRC-R4MD-Q8XL', true) on conflict (code) do update set active = excluded.active;
insert into invitation_codes (room_key, code, active) values ('m', 'M-TRC-X9KA-3CVP', true) on conflict (code) do update set active = excluded.active;
insert into invitation_codes (room_key, code, active) values ('m', 'M-TRC-L6QN-5RYD', true) on conflict (code) do update set active = excluded.active;
insert into invitation_codes (room_key, code, active) values ('m', 'M-TRC-7VXA-K2MC', true) on conflict (code) do update set active = excluded.active;
commit;
