-- Generated from public/assets/BDSM_questionnaire.xlsx
begin;
delete from questionnaire_choices;
delete from questionnaire_questions;

insert into questionnaire_questions (id, question_order, question_kind, question_en, question_th, active) values ('q01', 1, 'scored', 'Your main interest in experiencing BDSM', 'ความสนใจหลักของคุณในการสัมผัสประสบการณ์ BDSM', true);
insert into questionnaire_choices (id, question_id, choice_order, label, choice_en, choice_th, score_b, score_d, score_s, score_m, special_action, special_url, feedback_en, feedback_th, active) values ('q01_a', 'q01', 1, 'A', 'Physical', 'เชิงกายภาพ', 3, -1, 2, 3, null, null, null, null, true);
insert into questionnaire_choices (id, question_id, choice_order, label, choice_en, choice_th, score_b, score_d, score_s, score_m, special_action, special_url, feedback_en, feedback_th, active) values ('q01_b', 'q01', 2, 'B', 'Physiological', 'เชิงจิตวิทยา', -2, 2, -1, 1, null, null, null, null, true);
insert into questionnaire_choices (id, question_id, choice_order, label, choice_en, choice_th, score_b, score_d, score_s, score_m, special_action, special_url, feedback_en, feedback_th, active) values ('q01_c', 'q01', 3, 'C', 'All in the same way', 'สนใจทั้งสองด้านพอ ๆ กัน', -1, 1, 1, 2, null, null, null, null, true);

insert into questionnaire_questions (id, question_order, question_kind, question_en, question_th, active) values ('q02', 2, 'scored', 'How do you feel about being tied up or restrained?', 'คุณรู้สึกอย่างไรเกี่ยวกับการถูกมัดหรือถูกจำกัดการเคลื่อนไหว?', true);
insert into questionnaire_choices (id, question_id, choice_order, label, choice_en, choice_th, score_b, score_d, score_s, score_m, special_action, special_url, feedback_en, feedback_th, active) values ('q02_a', 'q02', 1, 'A', 'Crave to be tightly bound, helpless, and completely at his mercy', 'ปรารถนาที่จะถูกมัดแน่น ไร้ซึ่งทางช่วยเหลือ และอยู่ภายใต้ความเมตตาของอีกฝ่ายอย่างสมบูรณ์', 3, 1, 1, -1, null, null, null, null, true);
insert into questionnaire_choices (id, question_id, choice_order, label, choice_en, choice_th, score_b, score_d, score_s, score_m, special_action, special_url, feedback_en, feedback_th, active) values ('q02_b', 'q02', 2, 'B', 'Tying, creating intricate rope work, and having them under my control is the best', 'การมัดผู้อื่น สร้างงานเชือกที่ซับซ้อน และควบคุมผู้อื่นให้อยู่ในอำนาจของฉันคือสิ่งที่ดีที่สุด', 2, -1, -1, 3, null, null, null, null, true);
insert into questionnaire_choices (id, question_id, choice_order, label, choice_en, choice_th, score_b, score_d, score_s, score_m, special_action, special_url, feedback_en, feedback_th, active) values ('q02_c', 'q02', 3, 'C', 'Being restrained can be exciting sometimes, but I prefer having the freedom to react, whether I''m the one being controlled or the one in control', 'การถูกจำกัดการเคลื่อนไหวบางครั้งก็น่าตื่นเต้น แต่ฉันชอบการมีอิสระในการตอบสนองมากกว่า ไม่ว่าจะเป็นการถูกควบคุมหรือเป็นฝ่ายควบคุมก็ตาม', -1, 2, 2, 2, null, null, null, null, true);

insert into questionnaire_questions (id, question_order, question_kind, question_en, question_th, active) values ('q03', 3, 'scored', 'What kind of power dynamic do you prefer?', 'คุณชื่นชอบบทบาทอำนาจแบบใดในความสัมพันธ์?', true);
insert into questionnaire_choices (id, question_id, choice_order, label, choice_en, choice_th, score_b, score_d, score_s, score_m, special_action, special_url, feedback_en, feedback_th, active) values ('q03_a', 'q03', 1, 'A', 'Fully surrender, serve, and be owned like a devoted slave, pet', 'การยอมจำนนอย่างสมบูรณ์ รับใช้ และถูกครอบครองเหมือนทาส สัตว์เลี้ยง', 1, 3, 1, -3, null, null, null, null, true);
insert into questionnaire_choices (id, question_id, choice_order, label, choice_en, choice_th, score_b, score_d, score_s, score_m, special_action, special_url, feedback_en, feedback_th, active) values ('q03_b', 'q03', 2, 'B', 'Own, command, and take full responsibility as a Master is great', 'การเป็นเจ้าของสั่งการและรับผิดชอบเต็มที่ในฐานะเจ้านาย คือสิ่งที่ยอดเยี่ยม', -2, -2, -2, 3, null, null, null, null, true);
insert into questionnaire_choices (id, question_id, choice_order, label, choice_en, choice_th, score_b, score_d, score_s, score_m, special_action, special_url, feedback_en, feedback_th, active) values ('q03_c', 'q03', 3, 'C', 'Power dynamic is not important for me as long as the experience is exciting.', 'บทบาทอำนาจไม่สำคัญสำหรับฉันตราบใดที่ประสบการณ์ที่ได้รับนั้นน่าตื่นเต้น', 2, -3, 2, -2, null, null, null, null, true);

insert into questionnaire_questions (id, question_order, question_kind, question_en, question_th, active) values ('q04', 4, 'scored', 'How do you feel about pain or intense physical sensations?', 'คุณรู้สึกอย่างไรเกี่ยวกับความเจ็บปวดหรือความรู้สึกทางกายภาพที่รุนแรง?', true);
insert into questionnaire_choices (id, question_id, choice_order, label, choice_en, choice_th, score_b, score_d, score_s, score_m, special_action, special_url, feedback_en, feedback_th, active) values ('q04_a', 'q04', 1, 'A', 'I enjoy pain, emotional intensity that pushes me to my limits, and even the lingering marks left behind by those experiences.', 'ฉันชื่นชอบความเจ็บปวด การถูกบีบคั้นทางอารมณ์ให้ถึงขีดจำกัด รวมถึงร่องรอยของความเจ็บปวดเหล่านั้นบนเรือนร่างของฉันด้วย', 1, 1, 3, -3, null, null, null, null, true);
insert into questionnaire_choices (id, question_id, choice_order, label, choice_en, choice_th, score_b, score_d, score_s, score_m, special_action, special_url, feedback_en, feedback_th, active) values ('q04_b', 'q04', 2, 'B', 'I enjoy being the one who inflicts pain and observing the other person''s reactions.', 'ฉันชอบเป็นฝ่ายสร้างความเจ็บปวดและดูปฏิกริยาของอีกฝ่าย', -1, -2, -2, 3, null, null, null, null, true);
insert into questionnaire_choices (id, question_id, choice_order, label, choice_en, choice_th, score_b, score_d, score_s, score_m, special_action, special_url, feedback_en, feedback_th, active) values ('q04_c', 'q04', 3, 'C', 'I prefer other forms of excitement over either giving or receiving pain.', 'ฉันชอบความตื่นเต้นในรูปแบบอื่นมากกว่าการสร้างหรือรับความเจ็บปวด', 2, 2, -3, -2, null, null, null, null, true);

insert into questionnaire_questions (id, question_order, question_kind, question_en, question_th, active) values ('q05', 5, 'scored', 'Your preferred role in BDSM', 'บทบาทที่คุณชื่นชอบใน BDSM', true);
insert into questionnaire_choices (id, question_id, choice_order, label, choice_en, choice_th, score_b, score_d, score_s, score_m, special_action, special_url, feedback_en, feedback_th, active) values ('q05_a', 'q05', 1, 'A', 'Dominant', 'Dominant', 1, 1, -2, 3, null, null, null, null, true);
insert into questionnaire_choices (id, question_id, choice_order, label, choice_en, choice_th, score_b, score_d, score_s, score_m, special_action, special_url, feedback_en, feedback_th, active) values ('q05_b', 'q05', 2, 'B', 'Submissive', 'Submissive', 1, 2, 3, -3, null, null, null, null, true);
insert into questionnaire_choices (id, question_id, choice_order, label, choice_en, choice_th, score_b, score_d, score_s, score_m, special_action, special_url, feedback_en, feedback_th, active) values ('q05_c', 'q05', 3, 'C', 'Still uncertain', 'ยังไม่แน่ใจ', 2, 1, 2, 1, null, null, null, null, true);

insert into questionnaire_questions (id, question_order, question_kind, question_en, question_th, active) values ('q06', 6, 'scored', 'How advanced you are with BDSM?', 'คุณเปิดกว้างแค่ไหนในการลองประสบการณ์ใหม่ ๆ เกี่ยวกับ BDSM', true);
insert into questionnaire_choices (id, question_id, choice_order, label, choice_en, choice_th, score_b, score_d, score_s, score_m, special_action, special_url, feedback_en, feedback_th, active) values ('q06_a', 'q06', 1, 'A', 'Beginner', 'ฉันชอบลองอะไรใหม่ ๆ เสมออย่างน้อยสักครั้ง', 1, 2, 2, 1, null, null, null, null, true);
insert into questionnaire_choices (id, question_id, choice_order, label, choice_en, choice_th, score_b, score_d, score_s, score_m, special_action, special_url, feedback_en, feedback_th, active) values ('q06_b', 'q06', 2, 'B', 'Intermediate', 'ฉันมักจะลองประสบการณ์ที่เกี่ยวกับการยอมจำนน, ถูกมัด, หรือความเจ็บปวด', 3, 3, 3, -3, null, null, null, null, true);
insert into questionnaire_choices (id, question_id, choice_order, label, choice_en, choice_th, score_b, score_d, score_s, score_m, special_action, special_url, feedback_en, feedback_th, active) values ('q06_c', 'q06', 3, 'C', 'Advance', 'ฉันมักจะลองประสบการณ์ที่เกี่ยวกับการควบคุม มีอำนาจ หรือความโหดร้าย', -3, -3, -3, 3, null, null, null, null, true);

insert into questionnaire_questions (id, question_order, question_kind, question_en, question_th, active) values ('q07', 7, 'scored', 'Your opinion on consent', 'ทัศนคติของคุณเกี่ยวกับความสมยอม(consent)', true);
insert into questionnaire_choices (id, question_id, choice_order, label, choice_en, choice_th, score_b, score_d, score_s, score_m, special_action, special_url, feedback_en, feedback_th, active) values ('q07_a', 'q07', 1, 'A', 'Consent is absolute, non-negotiable.', 'เป็นสิ่งที่ต้องมีอย่างเด็ดขาด ยืดหยุ่นไม่ได้', 3, 1, 3, 1, null, null, null, null, true);
insert into questionnaire_choices (id, question_id, choice_order, label, choice_en, choice_th, score_b, score_d, score_s, score_m, special_action, special_url, feedback_en, feedback_th, active) values ('q07_b', 'q07', 2, 'B', 'Pushing boundary and consent is what make thing spicy.', 'เป็นสิ่งที่ยืดหยุ่นได้ การต่อรองหรือผลักเส้นความสมยอมนิดๆ หน่อย ๆ เป็นเรื่องน่าสนุก', -3, -3, -3, -3, null, null, null, null, true);
insert into questionnaire_choices (id, question_id, choice_order, label, choice_en, choice_th, score_b, score_d, score_s, score_m, special_action, special_url, feedback_en, feedback_th, active) values ('q07_c', 'q07', 3, 'C', 'There’s nothing money and power cannot buy, including consent.', 'ความสมยอม? ไม่มีอะไรที่เงินและอำนาจซื้อไม่ได้หรอก', -100, -100, -100, -100, null, null, null, null, true);

insert into questionnaire_questions (id, question_order, question_kind, question_en, question_th, active) values ('q08', 8, 'scored', 'Do you enjoy initiating conversations with strangers?', 'คุณชอบเป็นคนเริ่มบทสนทนากับคนแปลกหน้า', true);
insert into questionnaire_choices (id, question_id, choice_order, label, choice_en, choice_th, score_b, score_d, score_s, score_m, special_action, special_url, feedback_en, feedback_th, active) values ('q08_a', 'q08', 1, 'A', 'yes, I like to initiate conversations with strangers.', 'ใช่ ฉันชอบเริ่มบทสนทนาก่อน', 3, -1, 2, 1, null, null, null, null, true);
insert into questionnaire_choices (id, question_id, choice_order, label, choice_en, choice_th, score_b, score_d, score_s, score_m, special_action, special_url, feedback_en, feedback_th, active) values ('q08_b', 'q08', 2, 'B', 'It depends on the situation.', 'แล้วแต่สถานการณ์', 3, 1, 2, 1, null, null, null, null, true);
insert into questionnaire_choices (id, question_id, choice_order, label, choice_en, choice_th, score_b, score_d, score_s, score_m, special_action, special_url, feedback_en, feedback_th, active) values ('q08_c', 'q08', 3, 'C', 'I don''t know how to start conversations', 'ฉันไม่รู้จะเริ่มบทสนทนาก่อนอย่างไร', 2, 1, 3, -1, null, null, null, null, true);

insert into questionnaire_questions (id, question_order, question_kind, question_en, question_th, active) values ('q09', 9, 'scored', 'If you encounter an activity you don''t want to do, you should...', 'หากคุณเจอกับกิจกรรมที่ไม่ต้องการ คุณควรจะ', true);
insert into questionnaire_choices (id, question_id, choice_order, label, choice_en, choice_th, score_b, score_d, score_s, score_m, special_action, special_url, feedback_en, feedback_th, active) values ('q09_a', 'q09', 1, 'A', 'Be patient for the host''s pleasure.', 'อดทนเพื่อความพึงพอใจของโฮสต์', 0, 0, 0, 0, null, null, null, null, true);
insert into questionnaire_choices (id, question_id, choice_order, label, choice_en, choice_th, score_b, score_d, score_s, score_m, special_action, special_url, feedback_en, feedback_th, active) values ('q09_b', 'q09', 2, 'B', 'Strongly refused.', 'ปฏิเสธอย่างรุนแรง กล้าดียังไง', 0, 0, 0, 0, null, null, null, null, true);
insert into questionnaire_choices (id, question_id, choice_order, label, choice_en, choice_th, score_b, score_d, score_s, score_m, special_action, special_url, feedback_en, feedback_th, active) values ('q09_c', 'q09', 3, 'C', 'Use a safe word or safe gesture to stop all activity.', 'ใช้ safe word หรือ safe gesture เพื่อหยุดทุกกิจกรรม', 0, 0, 0, 0, null, null, null, null, true);

insert into questionnaire_questions (id, question_order, question_kind, question_en, question_th, active) values ('q10', 10, 'scored', 'What is most important for a club member''s promotion?', 'สิ่งใดสำคัญที่สุดในการเลื่อนขั้นของสมาชิกคลับ', true);
insert into questionnaire_choices (id, question_id, choice_order, label, choice_en, choice_th, score_b, score_d, score_s, score_m, special_action, special_url, feedback_en, feedback_th, active) values ('q10_a', 'q10', 1, 'A', 'Money', 'เงิน', 0, 0, 0, 0, null, null, null, null, true);
insert into questionnaire_choices (id, question_id, choice_order, label, choice_en, choice_th, score_b, score_d, score_s, score_m, special_action, special_url, feedback_en, feedback_th, active) values ('q10_b', 'q10', 2, 'B', 'Power', 'อำนาจ', 0, 0, 0, 0, null, null, null, null, true);
insert into questionnaire_choices (id, question_id, choice_order, label, choice_en, choice_th, score_b, score_d, score_s, score_m, special_action, special_url, feedback_en, feedback_th, active) values ('q10_c', 'q10', 3, 'C', 'Credibility / Trust', 'ความน่าเชื่อถือ', 0, 0, 0, 0, null, null, null, null, true);

insert into questionnaire_questions (id, question_order, question_kind, question_en, question_th, active) values ('q11', 11, 'special', 'Do you like P'' Bird Thongchai?', 'คุณชอบพี่เบิร์ดหรือไม่', true);
insert into questionnaire_choices (id, question_id, choice_order, label, choice_en, choice_th, score_b, score_d, score_s, score_m, special_action, special_url, feedback_en, feedback_th, active) values ('q11_a', 'q11', 1, 'A', 'YES, I LIKE HIM', 'ชอบสิ! พี่เบิร์ดเลยนะ', 0, 0, 0, 0, 'redirect', 'https://youtu.be/RW8BJBCsYP0', null, null, true);
insert into questionnaire_choices (id, question_id, choice_order, label, choice_en, choice_th, score_b, score_d, score_s, score_m, special_action, special_url, feedback_en, feedback_th, active) values ('q11_b', 'q11', 2, 'B', 'NO, I DONT LIKE', 'ไม่ชอบอะ แก่จัง', 0, 0, 0, 0, 'redirect', 'https://youtu.be/XR4BP3SfPPs?si=rKiYWLygPT3tq1gL', null, null, true);
insert into questionnaire_choices (id, question_id, choice_order, label, choice_en, choice_th, score_b, score_d, score_s, score_m, special_action, special_url, feedback_en, feedback_th, active) values ('q11_c', 'q11', 3, 'C', 'WHAT? WHO?', 'ใครอะ?', 0, 0, 0, 0, 'too_young', null, 'you are too young', 'อายุไม่ถึง', true);
insert into questionnaire_choices (id, question_id, choice_order, label, choice_en, choice_th, score_b, score_d, score_s, score_m, special_action, special_url, feedback_en, feedback_th, active) values ('q11_d', 'q11', 4, 'D', 'So, is it a joke or is it sexy?', 'สรุปพี่จะกาวหรือจะเสียว', 0, 0, 0, 0, 'continue', null, 'Let''s go back to asking regular questions.', 'กลับไปทำคำถามปกติต่อ', true);

insert into invitation_codes (room_key, code, active) values ('b', 'B-ROSE-001', true) on conflict (code) do update set active = excluded.active;
insert into invitation_codes (room_key, code, active) values ('d', 'D-DECREE-001', true) on conflict (code) do update set active = excluded.active;
insert into invitation_codes (room_key, code, active) values ('s', 'S-STRAY-001', true) on conflict (code) do update set active = excluded.active;
insert into invitation_codes (room_key, code, active) values ('m', 'M-METEOR-001', true) on conflict (code) do update set active = excluded.active;
commit;
